batch_id,output_type,output_composition,weight_kg,sorting_method,recycling_method,transport_distance_km,processing_cost_gbp,processing_efficiency,recovered_weight_kg,recovery_rate_pct,landfill_diversion_rate,total_processing_cost
1,Industrial wiping cloths,Blended fibre bales for downcycling,739.036844650803,automated,mechanical,150.05458902945665,0.22158092485476824,0.7065590792309699,522.1731924742328,0.70655907923097,0.29344092076902994,163.7564675394746
2,Reused clothing,Mixed natural and synthetic fibres,1188.1294181092005,automated,mechanical,80.40531664081604,0.17710250229696134,0.5886830934576031,699.431701280506,0.5886830934576031,0.41131690654239694,210.42069299977203
3,Recycled fibre,100% recycled polyester fibre,201.58254208172045,semi-automated,mechanical,48.524997702835236,0.2919246036125639,0.4988653492295013,100.56254525416811,0.4988653492295013,0.5011346507704987,58.846903692419225
4,Polymer flakes,Mixed natural and synthetic fibres,1950.0698749490246,semi-automated,reuse,113.00037265570526,1.1612708671686325,0.7563070463594235,1474.851587317187,0.7563070463594235,0.24369295364057653,2264.5593347214804
5,Closed-loop recycled fibre,"80% cotton, 20% synthetic",1973.1109517352256,automated,mechanical,128.68601295495301,0.7270060126897678,0.41314988163961763,815.1905561712417,0.41314988163961763,0.5868501183603824,1434.4635256155393
6,Polymer flakes,Blended fibre bales for downcycling,1411.415342338503,semi-automated,mechanical,34.232333882666225,1.1641132692108809,0.4447533804278462,627.731744692775,0.4447533804278462,0.5552466195721538,1643.0473283840693
7,Polymer flakes,"80% cotton, 20% synthetic",1095.3879143710349,manual,reuse,34.333362850455586,0.6041227722466386,0.8413866876289653,921.6448089414457,0.8413866876289653,0.1586133123710347,661.7487835152931
8,Industrial wiping cloths,Blended fibre bales for downcycling,653.578851758339,semi-automated,reuse,11.41749971337002,0.47740693973952253,0.6500029086888416,424.8281547004336,0.6500029086888416,0.3499970913111584,312.0230794964197
9,Industrial wiping cloths,High-grade cotton wiping rags,1636.9002884285499,semi-automated,reuse,133.8703526364871,0.6814489559822563,0.7541414571205731,1234.454368676593,0.7541414571205731,0.24585854287942688,1115.4639925966894
10,Reused clothing,"80% cotton, 20% synthetic",1385.2257864800647,manual,reuse,121.16579233381589,0.6114872730645556,0.7806275452713971,1081.3454053465734,0.7806275452713972,0.21937245472860278,847.0479387533992
11,Insulation material,High-grade cotton wiping rags,367.10303172253805,semi-automated,mechanical,88.06040325621743,0.2609479184748311,0.41912204700034034,153.86097411558103,0.41912204700034034,0.5808779529996597,95.7947719937962
12,Recycled fibre,Blended fibre bales for downcycling,1826.308009762993,automated,mechanical,152.7298285696095,0.8228676304247166,0.7405773570403165,1352.5223590118378,0.7405773570403165,0.25942264295968354,1502.809744419354
13,Recycled fibre,100% recycled polyester fibre,1653.9476237001795,automated,reuse,145.9922767662593,0.3768400916350796,0.706531332812418,1168.5658189748194,0.706531332812418,0.293468667187582,623.2737740747978
14,Industrial wiping cloths,PET flakes suitable for spinning,1902.1098309192519,semi-automated,chemical,107.43701376943163,0.8005673526427212,0.6412596158908843,1219.7462195575545,0.6412596158908844,0.3587403841091156,1522.7670317747195
15,Recycled fibre,PET flakes suitable for spinning,1465.1530413573018,manual,mechanical,156.94747408982028,0.8327111470180611,0.5063798792892595,741.924020222802,0.5063798792892595,0.49362012071074046,1220.0492696256397
16,Reused clothing,Blended fibre bales for downcycling,1246.1596320747901,automated,reuse,41.022211756434444,0.3096260957850805,0.7076041655293375,881.7877465706281,0.7076041655293375,0.29239583447066253,385.8435416042896
17,Insulation material,Mixed natural and synthetic fibres,865.5739207667068,automated,mechanical,24.585933394602378,0.21441710846620154,0.40051583773020905,346.6760639932992,0.40051583773020905,0.599484162269791,185.59385725455033
18,Closed-loop recycled fibre,100% recycled polyester fibre,1868.820542540326,manual,mechanical,52.20618201547318,0.9697996653718619,0.6552706779307987,1224.5833038414025,0.6552706779307987,0.34472932206920126,1812.3815367956695
19,Polymer flakes,PET flakes suitable for spinning,1738.8245845257964,automated,mechanical,14.990199815630099,0.6327904449577862,0.7383959249297498,1283.9409873815134,0.7383959249297498,0.2616040750702502,1100.3115825456164
20,Open-loop recycled textiles,Mixed natural and synthetic fibres,138.17640670706936,automated,chemical,97.9546674001806,0.21107198528074958,0.6172880449855136,85.29464395933006,0.6172880449855136,0.3827119550144864,29.16516848262141
21,Recycled fibre,Mixed natural and synthetic fibres,101.4156002696414,semi-automated,chemical,168.90599615161827,1.1946096330282554,0.7489141575410267,75.95157883745601,0.7489141575410267,0.25108584245897325,121.15205302145655
22,Reused clothing,"80% cotton, 20% synthetic",784.1035654121968,semi-automated,mechanical,11.885119616989188,0.21066958904618496,0.6596637144355503,517.2446704619682,0.6596637144355503,0.3403362855644497,165.1867758950359
23,Closed-loop recycled fibre,Blended fibre bales for downcycling,1630.5789950245742,manual,reuse,26.36923495175469,0.8797869903014809,0.8621063447726312,1405.732497263666,0.8621063447726312,0.13789365522736885,1434.5621864814834
24,Industrial wiping cloths,Mixed natural and synthetic fibres,1975.1884521641416,manual,mechanical,84.13482994960117,1.1828628715265843,0.5479202189547632,1082.2456891866962,0.5479202189547632,0.45207978104523683,2336.377084333026
25,Closed-loop recycled fibre,Blended fibre bales for downcycling,343.31293765187996,manual,mechanical,168.42812806738337,0.40113910942672193,0.5060258169741503,173.72520975308808,0.5060258169741503,0.4939741830258497,137.71624606434685
26,Insulation material,100% recycled polyester fibre,1208.5548949366635,automated,reuse,60.32731837093134,0.29936183712155595,0.7313237835057578,883.8449383394843,0.7313237835057578,0.2686762164942422,361.7952136104886
27,Industrial wiping cloths,100% recycled polyester fibre,792.7371704304919,manual,reuse,93.76609152046868,0.27745418639355035,0.8281553332746282,656.5095155770498,0.8281553332746282,0.1718446667253718,219.9482466457174
28,Reused clothing,"80% cotton, 20% synthetic",1941.3330757384763,manual,reuse,12.275250333818617,0.4684389049459753,0.854194866626409,1658.2767477078642,0.854194866626409,0.14580513337359102,909.395940134334
29,Open-loop recycled textiles,Blended fibre bales for downcycling,1692.131900114632,manual,reuse,30.96006016836555,0.256098101561179,0.6954034919391507,1176.7144321613453,0.6954034919391507,0.30459650806084926,433.3517672104678
30,Open-loop recycled textiles,"80% cotton, 20% synthetic",1684.7409741867189,semi-automated,chemical,177.6602715177982,0.8767694087788386,0.6612823024473296,1114.0893904375505,0.6612823024473296,0.33871769755267045,1477.129347883174
31,Polymer flakes,Blended fibre bales for downcycling,963.9516616001921,automated,chemical,173.89577187630798,0.2154063880365658,0.820582059024745,791.0014392762099,0.820582059024745,0.17941794097525499,207.64134566714336
32,Open-loop recycled textiles,"80% cotton, 20% synthetic",858.8980295584471,manual,mechanical,5.864496663521683,0.6848932345572792,0.6823427318931587,586.0628279065618,0.6823427318931587,0.31765726810684125,588.2534496191585
33,Recycled fibre,Mixed natural and synthetic fibres,583.1437902648771,manual,mechanical,171.5670624490668,1.1965316965456256,0.7447004409668665,434.2674377573439,0.7447004409668665,0.2552995590331335,697.7500286956799
34,Open-loop recycled textiles,Blended fibre bales for downcycling,159.93221846930788,semi-automated,mechanical,116.84598911771256,1.0046687829813197,0.6639868908887283,106.19289649437259,0.6639868908887283,0.3360131091112717,160.6789072890621
35,Reused clothing,Mixed natural and synthetic fibres,1736.2086336973537,semi-automated,mechanical,156.88570154100387,0.7959804101425615,0.5376183203597729,933.4175694425074,0.5376183203597729,0.46238167964022714,1381.9880603434758
36,Industrial wiping cloths,100% recycled polyester fibre,1635.1569678036512,manual,chemical,84.57947473592534,0.4715663018259423,0.7271913501983913,1189.0720032034446,0.7271913501983913,0.2728086498016087,771.0849242120892
37,Recycled fibre,PET flakes suitable for spinning,1999.4494629079547,semi-automated,mechanical,95.22930500136879,0.8050906281062205,0.6313549889865622,1262.3623936334395,0.6313549889865623,0.3686450110134377,1609.7380239592105
38,Closed-loop recycled fibre,100% recycled polyester fibre,1993.4418322941156,manual,mechanical,90.54815154496103,0.7033935371072343,0.4274595357109934,852.1157200993146,0.4274595357109934,0.5725404642890066,1402.174101434884
39,Closed-loop recycled fibre,High-grade cotton wiping rags,1133.0918259251234,manual,mechanical,121.70124507056826,0.5973875530848901,0.5905739356863529,669.1744991306359,0.5905739356863529,0.40942606431364714,676.8949533098997
40,Industrial wiping cloths,100% recycled polyester fibre,1549.5254596019954,semi-automated,chemical,29.43896958235476,0.2872458955772095,0.7627962485417829,1181.972207604384,0.7627962485417829,0.23720375145821715,445.0948283630623
41,Insulation material,High-grade cotton wiping rags,1892.2931732707345,manual,mechanical,10.245378227718643,1.08093442600249,0.45856245640037113,867.7346057646812,0.45856245640037113,0.5414375435996288,2045.4448350778318
42,Insulation material,Mixed natural and synthetic fibres,1706.8124118209523,automated,reuse,58.88773977845841,0.6222738812623887,0.8451579293563893,1442.526043774381,0.8451579293563893,0.15484207064361066,1062.1047840906426
43,Insulation material,Blended fibre bales for downcycling,532.3287983992354,manual,mechanical,128.31913347891316,0.3543536374118033,0.6043204731799391,321.69719133593435,0.6043204731799391,0.3956795268200609,188.63264601182362
44,Insulation material,100% recycled polyester fibre,928.5610638546824,semi-automated,mechanical,40.32435412151597,0.5361473184211542,0.7332776249941582,680.8930515654104,0.7332776249941582,0.26672237500584184,497.84552437598205
45,Closed-loop recycled fibre,Mixed natural and synthetic fibres,301.8608595454152,semi-automated,chemical,122.85067583186053,0.5848362401553734,0.5627266894620675,169.86516217016563,0.5627266894620675,0.4372733105379325,176.5391701466099
46,Recycled fibre,Mixed natural and synthetic fibres,1910.3995031545087,manual,reuse,174.73460806877233,1.018914790345218,0.7163315343888668,1368.479407390398,0.7163315343888668,0.28366846561113324,1946.5343092322848
47,Insulation material,"80% cotton, 20% synthetic",1232.040537179216,semi-automated,mechanical,21.432625263148218,0.9202950995894722,0.6105438577549385,752.2147824798652,0.6105438577549385,0.38945614224506153,1133.8408688616134
48,Recycled fibre,High-grade cotton wiping rags,495.8534707317523,manual,chemical,122.7053706893971,0.9577701383234068,0.6389679736617793,316.83448742662813,0.6389679736617793,0.36103202633822074,474.91364725089176
49,Insulation material,Mixed natural and synthetic fibres,1359.8163345914206,automated,chemical,82.65628837829995,0.16158282765007956,0.7643272492213726,1039.3446784645503,0.7643272492213727,0.23567275077862726,219.72296842804843
50,Reused clothing,100% recycled polyester fibre,1255.3500688928968,manual,mechanical,156.92489451606343,0.5869616980887497,0.6656518488826759,835.6260943535514,0.6656518488826759,0.3343481511173241,736.8424081332035
51,Recycled fibre,High-grade cotton wiping rags,748.4173001640389,manual,reuse,36.00121315329253,0.6554113592170898,0.6756289910166187,505.65242536921147,0.6756289910166187,0.32437100898338134,490.52119996209746
52,Reused clothing,High-grade cotton wiping rags,271.4373047892766,manual,reuse,126.20954163957879,0.17015189066420952,0.778463616051692,211.30406581758552,0.778463616051692,0.221536383948308,46.18557060669271
53,Polymer flakes,High-grade cotton wiping rags,1359.5677314059592,automated,chemical,151.67017568841928,0.42280386918228596,0.7026671666773168,955.3236057329326,0.7026671666773168,0.29733283332268323,574.8304972538225
54,Closed-loop recycled fibre,"80% cotton, 20% synthetic",1064.600016762397,semi-automated,reuse,170.30748840795405,0.9483043142782418,0.7423201925538853,790.274089435932,0.7423201925538853,0.25767980744611474,1009.5647888764696
55,Reused clothing,High-grade cotton wiping rags,1556.0208638844967,semi-automated,reuse,124.56840495068802,0.29396519101544905,0.883231215642418,1374.3261991736695,0.883231215642418,0.11676878435758198,457.41597047583014
56,Reused clothing,Blended fibre bales for downcycling,1064.318827168387,manual,chemical,92.00558370147478,0.7120756380252213,0.7982518959619663,849.5945216951814,0.7982518959619663,0.20174810403803367,757.8755079181846
57,Reused clothing,High-grade cotton wiping rags,1711.7539256211533,semi-automated,reuse,113.12326703521242,0.37596196561809936,0.8243023454774092,1411.0027757696794,0.8243023454774092,0.17569765452259078,643.5543705310266
58,Insulation material,Mixed natural and synthetic fibres,1126.2183356102469,manual,chemical,157.0583722837757,0.16272681337608794,0.7642979907204992,860.7664110194966,0.7642979907204992,0.2357020092795008,183.265920919577
59,Recycled fibre,Blended fibre bales for downcycling,1143.8290444940033,automated,chemical,104.85670566179519,0.4032615304795185,0.6885148431439357,787.5432751532666,0.6885148431439357,0.31148515685606426,461.26225108957703
60,Open-loop recycled textiles,Blended fibre bales for downcycling,1759.4745251837728,manual,chemical,10.31773544694645,1.1746674426555563,0.8262983563289727,1453.8509081620512,0.8262983563289727,0.17370164367102725,2066.7974409152216
61,Polymer flakes,100% recycled polyester fibre,836.7915891141743,manual,reuse,167.9160217137211,0.9916139674771391,0.8236488568133213,689.2224357648921,0.8236488568133213,0.17635114318667866,829.7742276330064
62,Insulation material,PET flakes suitable for spinning,311.32969547874944,manual,mechanical,125.6671814305232,1.157555476537085,0.6551433715795358,203.96558636877808,0.6551433715795358,0.34485662842046416,360.38139401004935
63,Polymer flakes,Blended fibre bales for downcycling,106.126218811011,semi-automated,reuse,123.38984251101814,0.6622467461226806,0.8654227259468363,91.84404157785556,0.8654227259468363,0.13457727405316366,70.28174308589566
64,Closed-loop recycled fibre,PET flakes suitable for spinning,1522.517648563557,semi-automated,reuse,42.74315166960051,0.2652230086113787,0.7185178973355477,1093.9561795021493,0.7185178973355477,0.2814821026644523,403.80671141594837
65,Insulation material,100% recycled polyester fibre,1259.603625139256,manual,mechanical,120.30495729071501,0.7253574634223776,0.6824748163533461,859.6477527449227,0.6824748163533461,0.31752518364665394,913.6628904486422
66,Recycled fibre,Blended fibre bales for downcycling,1422.955547793486,semi-automated,reuse,73.92627098947773,0.627096201287959,0.698810150739123,994.3757808486373,0.698810150739123,0.301189849260877,892.3300186229218
67,Open-loop recycled textiles,PET flakes suitable for spinning,465.2801149423759,semi-automated,mechanical,118.96577098226112,1.0365749368765969,0.5208696832857107,242.35030610917443,0.5208696832857107,0.4791303167142893,482.29770577632905
68,Insulation material,"80% cotton, 20% synthetic",315.92437739420103,semi-automated,mechanical,23.653780303898376,0.25298670982345683,0.517463658994445,163.4793842919452,0.517463658994445,0.482536341005555,79.924668789983
69,Open-loop recycled textiles,High-grade cotton wiping rags,78.36209805236976,manual,chemical,120.1229283055313,0.6626531938728671,0.8435576405167422,66.10294653899864,0.8435576405167422,0.1564423594832578,51.9268945529816
70,Closed-loop recycled fibre,High-grade cotton wiping rags,733.6457396728641,manual,mechanical,179.89740200986665,0.30755109792868346,0.6997880283117743,513.3965056450069,0.6997880283117743,0.30021197168822567,225.63355272709043
71,Open-loop recycled textiles,High-grade cotton wiping rags,1200.3394893665345,semi-automated,reuse,13.437106800597306,0.49090972323456294,0.825292465397565,990.6311364933615,0.825292465397565,0.17470753460243504,589.2583265124421
72,Reused clothing,"80% cotton, 20% synthetic",814.875887944478,manual,reuse,176.00548223873054,0.9242249312571897,0.8317641904038475,677.7845832157551,0.8317641904038475,0.16823580959615247,753.1286115186266
73,Recycled fibre,Blended fibre bales for downcycling,903.0760979462717,manual,mechanical,76.20889312650236,0.6498190358372049,0.5967254780408999,538.8885162542996,0.5967254780408999,0.4032745219591001,586.8360392550715
74,Reused clothing,"80% cotton, 20% synthetic",1813.1094542628093,automated,mechanical,157.38185380902036,0.5446826994030578,0.7314817334879817,1326.2564466076083,0.7314817334879817,0.26851826651201827,987.5693518610719
75,Open-loop recycled textiles,PET flakes suitable for spinning,729.0981606954357,automated,mechanical,141.91745971019785,0.5642000924985371,0.5736905635088265,418.2767346626135,0.5736905635088265,0.4263094364911735,411.3572497048781
76,Polymer flakes,Mixed natural and synthetic fibres,1052.279503861631,manual,chemical,104.22784567266686,0.632419106826286,0.6641553129609684,698.8770232096341,0.6641553129609684,0.3358446870390316,665.48166396378
77,Industrial wiping cloths,"80% cotton, 20% synthetic",1578.123374845229,manual,reuse,134.22861161898214,0.9742673710289098,0.6907588342328977,1090.1026626837765,0.6907588342328977,0.30924116576710226,1537.514111569732
78,Insulation material,High-grade cotton wiping rags,823.2584255264768,semi-automated,chemical,158.74022322773587,1.086688923387246,0.7858616956783174,646.9672622656989,0.7858616956783174,0.21413830432168257,894.6258121048464
79,Industrial wiping cloths,"80% cotton, 20% synthetic",1263.0690654443533,manual,mechanical,75.72455628893077,1.1531014208291246,0.657055376226457,829.9063199955391,0.657055376226457,0.34294462377354296,1456.4467339691985
80,Polymer flakes,100% recycled polyester fibre,1731.6092320561531,manual,chemical,62.23080327356677,0.9762485555680599,0.6653065115572405,1152.0508975595915,0.6653065115572405,0.3346934884427595,1690.481011603137
81,Insulation material,PET flakes suitable for spinning,1901.5652161324022,manual,mechanical,121.82884247362733,0.48117724053541333,0.4088176948857303,777.3935083341341,0.4088176948857303,0.5911823051142697,914.9899033967162
82,Open-loop recycled textiles,Mixed natural and synthetic fibres,336.793287811624,semi-automated,reuse,146.37303983972026,0.8725414413908693,0.8597493319295026,289.55780419438446,0.8597493319295028,0.14025066807049724,293.8661007979243
83,Reused clothing,Blended fibre bales for downcycling,1856.845869064914,semi-automated,mechanical,138.39989858590775,0.6094832802581616,0.4039962942089258,750.1588500193775,0.4039962942089258,0.5960037057910742,1131.7165112115006
84,Reused clothing,"80% cotton, 20% synthetic",1009.6267715050994,manual,reuse,144.61738855026104,0.4174041531483538,0.8259249449072628,833.8759356322469,0.8259249449072628,0.17407505509273724,421.4224075559925
85,Industrial wiping cloths,High-grade cotton wiping rags,553.5765571829688,manual,mechanical,81.22708009226328,1.0329151583972187,0.7395899884041199,409.41967950774455,0.7395899884041199,0.26041001159588006,571.7976172476333
86,Recycled fibre,"80% cotton, 20% synthetic",945.3147246646096,manual,reuse,148.1209878306288,0.19034766641044124,0.7594153320370509,717.8864955106878,0.7594153320370509,0.24058466796294908,179.9384518633372
87,Reused clothing,High-grade cotton wiping rags,1961.0635218066802,semi-automated,mechanical,26.03658468985648,1.0968500917421946,0.48224069174858347,945.7046293189668,0.48224069174858347,0.5177593082514165,2150.9927038059286
88,Recycled fibre,Blended fibre bales for downcycling,1010.6052832860958,manual,chemical,100.28559214314868,0.6345513378559708,0.7614613030130145,769.5368158428671,0.7614613030130145,0.2385386969869855,641.2809345535045
89,Reused clothing,"80% cotton, 20% synthetic",691.065640060641,manual,reuse,6.007765587171274,0.8190615506486945,0.8542820355038963,590.3649616578074,0.8542820355038964,0.14571796449610364,566.0252947481011
90,Reused clothing,High-grade cotton wiping rags,1285.1316659176152,semi-automated,mechanical,61.8025202325473,0.8423216183160719,0.5912506106272466,759.8348822102007,0.5912506106272466,0.4087493893727534,1082.494184584955
91,Closed-loop recycled fibre,"80% cotton, 20% synthetic",518.2839566174764,manual,reuse,69.13076860249463,1.0898736277418632,0.8917588188140366,462.18428896346614,0.8917588188140366,0.10824118118596338,564.8640159990955
92,Insulation material,High-grade cotton wiping rags,197.93348981189465,semi-automated,chemical,74.33022103161969,0.8185031662755677,0.5655006164973884,111.93151051410597,0.5655006164973884,0.43449938350261164,162.00918812300858
93,Reused clothing,Mixed natural and synthetic fibres,301.315457725766,manual,mechanical,126.70676117072588,0.7946302639980649,0.5766784594065848,173.76213395668466,0.5766784594065848,0.4233215405934152,239.4343817193232
94,Closed-loop recycled fibre,Mixed natural and synthetic fibres,299.6893859676562,manual,mechanical,72.99766772231051,0.21998464258872447,0.6514588815628926,195.23531219875935,0.6514588815628926,0.34854111843710744,65.92706245972916
95,Closed-loop recycled fibre,High-grade cotton wiping rags,346.210252348974,manual,chemical,83.52138395894286,0.6943284230424643,0.8087921413447536,280.0121313528342,0.8087921413447536,0.19120785865524637,240.38361855459675
96,Polymer flakes,"80% cotton, 20% synthetic",320.71298666634976,semi-automated,mechanical,46.570222903007306,0.3076774508578938,0.46273946416772654,148.40655560161792,0.46273946416772654,0.5372605358322735,98.67615419452417
97,Polymer flakes,High-grade cotton wiping rags,1299.7057523662684,automated,chemical,70.31906353513452,0.92430545715756,0.7900010445291044,1026.7689019498375,0.7900010445291044,0.20999895547089564,1201.3251196112142
98,Open-loop recycled textiles,100% recycled polyester fibre,404.6661645783324,automated,mechanical,44.772184771051506,0.6878330168533082,0.5934474765014909,240.14811419454838,0.5934474765014909,0.4065525234985091,278.34274880037174
99,Closed-loop recycled fibre,High-grade cotton wiping rags,724.0512024815332,manual,chemical,17.809286659477635,0.864239168168771,0.668966104596989,484.36571245283704,0.668966104596989,0.331033895403011,625.7534089442387
100,Closed-loop recycled fibre,Mixed natural and synthetic fibres,1798.737399316723,semi-automated,mechanical,110.60350384174113,0.19375654563250347,0.44610026000268277,802.4172215117395,0.44610026000268277,0.5538997399973172,348.51714499160124
101,Industrial wiping cloths,Mixed natural and synthetic fibres,974.2251985126011,manual,reuse,121.93723974712785,0.23903161684809338,0.8663239397272281,843.9946121569775,0.8663239397272281,0.1336760602727719,232.87062437462177
102,Recycled fibre,PET flakes suitable for spinning,1351.737590116003,manual,reuse,113.41081055168254,0.9021395574658164,0.6893183020449288,931.7774604290672,0.6893183020449288,0.31068169795507117,1219.45595135716
103,Polymer flakes,Blended fibre bales for downcycling,386.02374884317817,automated,reuse,86.11145766510016,0.22568855279860703,0.7274469648022748,280.81180443756557,0.7274469648022748,0.2725530351977252,87.12114122230983
104,Open-loop recycled textiles,Mixed natural and synthetic fibres,424.963586676908,manual,chemical,71.46251153136522,0.22481956415352153,0.6370136595887311,270.70760954101013,0.6370136595887312,0.36298634041126876,95.54012833781972
105,Polymer flakes,PET flakes suitable for spinning,129.69380171963377,manual,mechanical,156.08338867506941,0.16271389899663183,0.704994911966799,91.43347032597269,0.704994911966799,0.295005088033201,21.102984153497683
106,Open-loop recycled textiles,100% recycled polyester fibre,379.42337299072085,manual,reuse,95.83931239883816,1.154326468214454,0.8181757485522245,310.4350022148929,0.8181757485522245,0.18182425144777548,437.9784421023943
107,Recycled fibre,Mixed natural and synthetic fibres,593.2511611123193,manual,mechanical,88.85682858520292,0.9243837774319573,0.6788384890169803,402.721721817056,0.6788384890169803,0.3211615109830197,548.3917492749005
108,Open-loop recycled textiles,High-grade cotton wiping rags,395.1704443396563,manual,mechanical,9.487361516126246,0.5209139789271674,0.48766376457737465,192.71030653639068,0.48766376457737465,0.5123362354226253,205.84980851538708
109,Recycled fibre,High-grade cotton wiping rags,222.96994082625844,semi-automated,mechanical,64.71836983457736,0.46136236035203804,0.6187059348624496,137.9528256851353,0.6187059348624496,0.3812940651375504,102.86993818715685
110,Recycled fibre,Blended fibre bales for downcycling,285.23994864617157,manual,mechanical,71.53423328752498,0.5171883912331421,0.600111094100312,171.17565766317085,0.600111094100312,0.39988890589968795,147.52279015573754
111,Closed-loop recycled fibre,Mixed natural and synthetic fibres,948.5185976638153,automated,reuse,74.79398665695759,0.963386207740241,0.8582075941970678,814.0258637522394,0.8582075941970678,0.14179240580293218,913.7897347744344
112,Recycled fibre,Mixed natural and synthetic fibres,452.3507508912954,automated,chemical,106.53016461478315,0.8444391416239352,0.8218261181443782,371.7536616446879,0.8218261181443782,0.17817388185562177,381.982679795588
113,Polymer flakes,PET flakes suitable for spinning,760.3262290437472,manual,mechanical,98.38044567720372,0.34445534626084134,0.4042548700170854,307.3655808926607,0.40425487001708543,0.5957451299829146,261.8984344964637
114,Reused clothing,High-grade cotton wiping rags,1031.6636781669708,manual,mechanical,111.38339123885281,0.33281480210078856,0.6359069716705774,656.0421253656876,0.6359069716705774,0.3640930283294226,343.35294288371205
115,Industrial wiping cloths,Mixed natural and synthetic fibres,1396.2699158272624,manual,reuse,138.85457076987245,0.25331543219906716,0.6629589497799323,925.6696370061563,0.6629589497799323,0.3370410502200677,353.6967171943381
116,Reused clothing,High-grade cotton wiping rags,126.65867269014292,semi-automated,mechanical,147.27250427531635,0.843317855686405,0.5921005327770745,74.99466758067072,0.5921005327770745,0.40789946722292547,106.81352025713755
117,Polymer flakes,High-grade cotton wiping rags,1608.8502778726331,manual,mechanical,130.67153833963653,0.9525912953328228,0.5006714551652873,805.5054097655681,0.5006714551652873,0.4993285448347127,1532.5767701952636
118,Closed-loop recycled fibre,High-grade cotton wiping rags,1274.4057595072702,semi-automated,mechanical,172.21664679211358,0.42829874974125426,0.5073718098327494,646.5975566624833,0.5073718098327494,0.49262819016725057,545.8263934600174
119,Open-loop recycled textiles,"80% cotton, 20% synthetic",209.4301123003002,manual,reuse,8.190701968363285,0.17199220908245844,0.7382396258630892,154.6096077490384,0.7382396258630892,0.2617603741369108,36.02034766291598
120,Recycled fibre,High-grade cotton wiping rags,1753.4783170082155,semi-automated,chemical,39.261147494620566,0.23628025085024873,0.7363877347148831,1291.2399257333454,0.7363877347148831,0.26361226528511694,414.31229660317314
121,Recycled fibre,"80% cotton, 20% synthetic",1845.7011810370357,manual,mechanical,6.323503121174872,1.1662530365872819,0.5169174879840692,954.0752180708943,0.5169174879840692,0.4830825120159308,2152.5546070171754
122,Reused clothing,Mixed natural and synthetic fibres,169.10202171698432,manual,mechanical,118.30807497705553,0.4602170163512913,0.6564446677065982,111.00612045451972,0.6564446677065982,0.34355533229340185,77.82362789356179
123,Closed-loop recycled fibre,High-grade cotton wiping rags,589.9114138870473,automated,chemical,162.15534606624772,0.9576843052300403,0.6713582156721609,396.04187423184965,0.6713582156721609,0.3286417843278391,564.9489025556876
124,Closed-loop recycled fibre,High-grade cotton wiping rags,1622.0924955964697,semi-automated,chemical,47.609401900852376,0.805896747296977,0.5705059600929876,925.4134365598942,0.5705059600929876,0.4294940399070124,1307.2390660160308
125,Recycled fibre,Blended fibre bales for downcycling,1509.1063962481337,manual,mechanical,167.23104533935367,0.5510366216355407,0.6743159448694376,1017.6145054945722,0.6743159448694376,0.3256840551305624,831.5728902771572
126,Closed-loop recycled fibre,100% recycled polyester fibre,409.8159877449358,automated,reuse,15.54679330067315,0.3659716253053329,0.7214395811481765,295.65747454653274,0.7214395811481765,0.2785604188518235,149.98102311112453
127,Industrial wiping cloths,100% recycled polyester fibre,458.2311805065851,semi-automated,mechanical,168.526304690965,0.27745573906737675,0.5514684078597419,252.7000195456565,0.5514684078597419,0.44853159214025806,127.13887085117108
128,Insulation material,100% recycled polyester fibre,772.4206004431949,automated,mechanical,66.53397026693602,0.79576361644081,0.6399053591276656,494.2760817242097,0.6399053591276656,0.36009464087233445,614.6642104220587
129,Recycled fibre,Blended fibre bales for downcycling,994.8198211224916,semi-automated,reuse,22.74864497861289,0.9633654696696774,0.733114039287178,729.3163774260577,0.733114039287178,0.266885960712822,958.3750642123736
130,Reused clothing,Blended fibre bales for downcycling,1255.5968044840772,manual,mechanical,90.027557857607,0.8260994662181873,0.4198049796513505,527.1057909567387,0.41980497965135044,0.5801950203486496,1037.2478499695578
131,Reused clothing,100% recycled polyester fibre,769.3815971610562,manual,chemical,49.93589935108889,0.7068172399116163,0.6621763141038441,509.46627014743683,0.6621763141038441,0.33782368589615586,543.8121769441688
132,Reused clothing,PET flakes suitable for spinning,951.9426964596383,manual,mechanical,54.8527578433365,0.19404878460321806,0.7305570039430063,695.44840425098,0.7305570039430063,0.26944299605699373,184.72332325990294
133,Reused clothing,Mixed natural and synthetic fibres,1507.5683293608251,semi-automated,mechanical,58.77574386210015,1.166913216474103,0.6246070390544953,941.6377903743972,0.6246070390544953,0.3753929609455047,1759.2014082689302
134,Open-loop recycled textiles,Mixed natural and synthetic fibres,121.5322456366659,semi-automated,reuse,145.5295321207161,0.9886499012373033,0.8178697871668017,99.39755187276342,0.8178697871668018,0.1821302128331982,120.15284264583744
135,Insulation material,"80% cotton, 20% synthetic",542.2520414708405,manual,mechanical,99.35322341816953,0.45746313853601295,0.621298753773174,336.90051759679267,0.621298753773174,0.378701246226826,248.06032076881093
136,Reused clothing,Mixed natural and synthetic fibres,1441.0316924748772,manual,reuse,59.47884735230064,1.178968845826793,0.6997480347398592,1008.3590948071486,0.6997480347398592,0.30025196526014075,1698.9314712769362
137,Industrial wiping cloths,"80% cotton, 20% synthetic",1795.6533334900387,automated,mechanical,111.80841207941072,0.7819756691181382,0.5464168524357981,981.1752425514753,0.5464168524357981,0.4535831475642019,1404.1572169600884
138,Closed-loop recycled fibre,Blended fibre bales for downcycling,1047.771012125549,automated,mechanical,130.32636798905887,0.7615437911176088,0.6628289294271614,694.4929382519911,0.6628289294271614,0.33717107057283857,797.9235087972247
139,Industrial wiping cloths,"80% cotton, 20% synthetic",1087.6212962673656,semi-automated,mechanical,52.70920012836841,0.9354768384010088,0.4354805141436057,473.63788129204727,0.4354805141436057,0.5645194858563942,1017.4445316098021
140,Closed-loop recycled fibre,PET flakes suitable for spinning,258.9854221125633,manual,chemical,77.37109276693651,1.0023582774946445,0.6333558328269137,164.02992771213232,0.6333558328269137,0.36664416717308634,259.59618160497234
141,Industrial wiping cloths,Mixed natural and synthetic fibres,922.4541153057365,manual,mechanical,26.33006633396582,0.8393025376980778,0.49671168796304876,458.1937406819732,0.49671168796304876,0.5032883120369512,774.21807988614
142,Open-loop recycled textiles,High-grade cotton wiping rags,1088.6036695872951,manual,reuse,36.70113616856905,0.28450053368451,0.7580047318986265,825.1667327093786,0.7580047318986265,0.2419952681013735,309.7083249685015
143,Reused clothing,100% recycled polyester fibre,522.8174820877229,automated,mechanical,124.19562444387199,0.5051808812942233,0.7431290593297648,388.52086366500566,0.7431290593297648,0.2568709406702352,264.1173963571027
144,Open-loop recycled textiles,"80% cotton, 20% synthetic",575.0243003512928,manual,reuse,36.75171084673472,1.1244878223423522,0.6668756366709555,383.46969639803916,0.6668756366709555,0.3331243633290445,646.60782329596
145,Closed-loop recycled fibre,100% recycled polyester fibre,785.7041180540142,semi-automated,mechanical,96.90359214173553,0.3858463924360445,0.5815453480332082,456.92257478484663,0.5815453480332082,0.41845465196679177,303.1610994732854
146,Closed-loop recycled fibre,PET flakes suitable for spinning,89.13883566656642,manual,reuse,129.0830958014257,0.540775375029389,0.6948411705030526,61.937332911836265,0.6948411705030526,0.3051588294969474,48.20408728727053
147,Recycled fibre,"80% cotton, 20% synthetic",678.0543728871977,semi-automated,reuse,23.70346154158017,0.6036807270914059,0.892669136352436,605.2782114452074,0.892669136352436,0.10733086364756395,409.32835683205076
148,Recycled fibre,Blended fibre bales for downcycling,462.32361364326204,semi-automated,reuse,104.27963843505812,0.6113752391791748,0.678325876181866,313.60607030413223,0.678325876181866,0.321674123818134,282.6532098693297
149,Open-loop recycled textiles,High-grade cotton wiping rags,688.6198367469335,automated,reuse,49.898487147738656,0.7935865616192518,0.7509002505903979,517.0848079747913,0.7509002505903979,0.2490997494096021,546.4794485068095
150,Polymer flakes,100% recycled polyester fibre,283.53615704753986,manual,reuse,173.51220316657646,1.140229629631943,0.8344712462086515,236.60277031667252,0.8344712462086515,0.16552875379134846,323.2963273375808
151,Open-loop recycled textiles,PET flakes suitable for spinning,1786.528197442795,manual,chemical,89.62048817598682,0.4027273474241302,0.7613663284082336,1360.2024142848006,0.7613663284082336,0.2386336715917664,719.4837620545496
152,Reused clothing,100% recycled polyester fibre,1207.5052844303948,manual,mechanical,146.04869621065268,0.27757644511596397,0.5479550229128762,661.6585857974761,0.5479550229128762,0.45204497708712377,335.1750243109299
153,Open-loop recycled textiles,100% recycled polyester fibre,1374.2495223317546,automated,mechanical,101.28964487734581,0.35734401435293417,0.5212834587834514,716.373544232603,0.5212834587834514,0.4787165412165486,491.07984103263146
154,Open-loop recycled textiles,100% recycled polyester fibre,1588.8839152843098,automated,reuse,12.597193249593353,1.081271145219733,0.7494030946382176,1190.7145231349493,0.7494030946382176,0.25059690536178236,1718.0143307006788
155,Closed-loop recycled fibre,High-grade cotton wiping rags,1021.9622879116617,semi-automated,chemical,115.80149072895391,0.8281013532879664,0.6292828789475918,643.1033707129183,0.6292828789475918,0.37071712105240817,846.2883536289135
156,Industrial wiping cloths,"80% cotton, 20% synthetic",219.4945617704762,semi-automated,reuse,171.49558488616498,0.4502021287011182,0.7013332346767,153.9388310004328,0.7013332346767,0.29866676532330005,98.81691894738746
157,Closed-loop recycled fibre,100% recycled polyester fibre,1097.3577565461683,semi-automated,mechanical,110.28206852560795,1.0067442859170481,0.5690638941456115,624.4666782110545,0.5690638941456115,0.43093610585438846,1104.7586510096062
158,Recycled fibre,High-grade cotton wiping rags,1194.3401801407142,manual,mechanical,148.3580503996883,1.0544384961816078,0.49398681462366256,589.9883011647628,0.4939868146236626,0.5060131853763374,1259.3582634768452
159,Open-loop recycled textiles,Mixed natural and synthetic fibres,1503.6069746594435,automated,mechanical,159.73613108597135,1.0388400556247919,0.5006115827140376,752.7230673641299,0.5006115827140376,0.4993884172859624,1562.0071531930414
160,Recycled fibre,PET flakes suitable for spinning,891.7361151478748,manual,chemical,44.91396009106318,1.114872860321532,0.7470268190423671,666.1507935241149,0.7470268190423671,0.2529731809576329,994.1723933469223
161,Open-loop recycled textiles,Blended fibre bales for downcycling,298.7815904513493,manual,mechanical,42.107846983939666,0.41485307118202963,0.7389880660949623,220.79602971241965,0.7389880660949623,0.26101193390503774,123.95046041139364
162,Recycled fibre,Mixed natural and synthetic fibres,603.3630163075127,semi-automated,mechanical,111.92167304892355,0.9427940251835922,0.6112730201957812,368.8195332527297,0.6112730201957812,0.3887269798042188,568.8470467914733
163,Recycled fibre,Blended fibre bales for downcycling,758.0104779773384,manual,mechanical,76.92998221617333,0.633566472137847,0.4269428134727382,323.62712610945994,0.4269428134727382,0.5730571865272618,480.25002437562546
164,Recycled fibre,High-grade cotton wiping rags,1309.5386205966224,manual,mechanical,151.97572800167606,1.0340984805345645,0.42645426484892346,558.4583297378059,0.42645426484892346,0.5735457351510765,1354.1918977602968
165,Industrial wiping cloths,"80% cotton, 20% synthetic",1163.0176941043783,semi-automated,chemical,162.50404659465195,0.9149152110196939,0.8354269662536697,971.6163438849592,0.8354269662536697,0.16457303374633026,1064.062579021145
166,Recycled fibre,Blended fibre bales for downcycling,744.3886155008001,manual,mechanical,66.84874137797567,0.965269818824711,0.5040517766075667,375.2104041296252,0.5040517766075667,0.4959482233924333,718.5358640196348
167,Industrial wiping cloths,High-grade cotton wiping rags,1973.7047351463104,semi-automated,reuse,46.452347820534364,0.8389699295651252,0.6730167465206189,1328.3363394405098,0.6730167465206189,0.32698325347938106,1655.8789226280542
168,Insulation material,"80% cotton, 20% synthetic",1231.26089774593,manual,mechanical,141.59196516767582,0.3363002079431922,0.6096656055026335,750.6574207559885,0.6096656055026335,0.3903343944973665,414.07329594427773
169,Industrial wiping cloths,Blended fibre bales for downcycling,512.5922438851892,manual,mechanical,53.09105622092382,0.7222782648417853,0.6182770724015931,316.9240318850982,0.6182770724015931,0.38172292759840687,370.23423648475165
170,Open-loop recycled textiles,Blended fibre bales for downcycling,248.4758216097873,manual,mechanical,148.95750573989372,1.1839032265007337,0.6269766870415409,155.78854744282933,0.6269766870415409,0.37302331295845914,294.1713269112479
171,Recycled fibre,PET flakes suitable for spinning,348.07532140944744,manual,mechanical,79.1541943885335,1.134257469821975,0.49359070975013947,171.80674494099708,0.49359070975013947,0.5064092902498605,394.80703336935056
172,Industrial wiping cloths,100% recycled polyester fibre,529.6175703497909,semi-automated,mechanical,121.82123237600733,0.19533242258686226,0.4052887394750663,214.64803749091396,0.4052887394750663,0.5947112605249337,103.4514830609926
173,Polymer flakes,"80% cotton, 20% synthetic",363.32867785613354,manual,mechanical,21.718679921066933,0.323055556515909,0.7377553793090652,268.047686545613,0.7377553793090652,0.2622446206909348,117.37534822300265
174,Insulation material,Blended fibre bales for downcycling,413.80569690004626,semi-automated,chemical,114.17538181840028,0.28831521212729,0.6252679137073308,258.73942478090004,0.6252679137073309,0.3747320862926691,119.30647728121791
175,Recycled fibre,"80% cotton, 20% synthetic",605.9355789530018,semi-automated,mechanical,84.0593437790151,0.9122789054845604,0.6366092008183917,385.74416466469995,0.6366092008183917,0.3633907991816083,552.7822467613979
176,Industrial wiping cloths,"80% cotton, 20% synthetic",388.0785108247719,semi-automated,chemical,107.65648105570797,1.0086745963497923,0.7619889609636129,295.71154123567413,0.7619889609636129,0.2380110390363871,391.4449352582053
177,Closed-loop recycled fibre,PET flakes suitable for spinning,1798.692578021529,automated,reuse,34.4024863553511,0.3741869346262055,0.8025018542698714,1443.4541291237324,0.8025018542698714,0.19749814573012858,673.0472621047829
178,Industrial wiping cloths,Blended fibre bales for downcycling,206.4558040402023,semi-automated,reuse,133.95290536523186,0.6811453275994205,0.728226848553412,150.3466595417573,0.7282268485534119,0.2717731514465881,140.62640627776537
179,Recycled fibre,PET flakes suitable for spinning,1072.7972096619965,manual,mechanical,155.989488570065,1.03273817941176,0.49488368881742306,530.9098404705672,0.49488368881742306,0.5051163111825769,1107.9186371843464
180,Recycled fibre,100% recycled polyester fibre,850.27381262984,manual,mechanical,42.92946501588574,0.9194416220045631,0.6091838989459462,517.9731163494808,0.6091838989459462,0.39081610105405384,781.7771334323841
181,Polymer flakes,"80% cotton, 20% synthetic",1965.6383029717824,manual,mechanical,21.750047216028303,0.7193490657664408,0.703133471764092,1382.1060842010274,0.703133471764092,0.296866528235908,1413.9800768774837
182,Reused clothing,PET flakes suitable for spinning,268.4758592277021,semi-automated,mechanical,9.136752558108869,0.7698650749817115,0.7313568051231885,196.35164665747507,0.7313568051231885,0.26864319487681154,206.6901874951143
183,Polymer flakes,"80% cotton, 20% synthetic",825.8184181391962,manual,reuse,117.34501257757155,0.683778574262094,0.6764764511009395,558.6467127565951,0.6764764511009395,0.32352354889906054,564.6769405545973
184,Recycled fibre,"80% cotton, 20% synthetic",1940.4673448869694,semi-automated,mechanical,111.24145631553664,0.46242587388476164,0.454190014409202,881.3408913347986,0.454190014409202,0.5458099855907981,897.3223077041999
185,Insulation material,Blended fibre bales for downcycling,1737.7388954932615,semi-automated,mechanical,100.67204722496226,0.7432730925019669,0.7306576905740778,1269.6922882018553,0.7306576905740779,0.2693423094259221,1291.6145628142287
186,Recycled fibre,"80% cotton, 20% synthetic",1643.2905383510958,manual,chemical,45.5907418202957,0.8733295671525952,0.7709605685004377,1266.912207658551,0.7709605685004377,0.2290394314995623,1435.1342145641177
187,Insulation material,"80% cotton, 20% synthetic",552.9105127376326,semi-automated,chemical,73.40854928346506,1.066989061653848,0.8148981474489319,450.5657525349359,0.8148981474489319,0.18510185255106815,589.9494691644746
188,Closed-loop recycled fibre,High-grade cotton wiping rags,383.23079541062833,manual,chemical,109.03335865758028,0.8181059216782105,0.610789790240603,234.0734571425971,0.610789790240603,0.389210209759397,313.5233830948858
189,Insulation material,Mixed natural and synthetic fibres,1353.8542788526404,manual,mechanical,91.93420030035465,0.949177613895316,0.6056550548882906,819.968687569243,0.6056550548882906,0.39434494511170937,1285.0481739633128
190,Polymer flakes,PET flakes suitable for spinning,1862.2831787987923,semi-automated,mechanical,177.8624660376053,0.31807521670230166,0.6453988580461157,1201.915436955231,0.6453988580461157,0.35460114195388426,592.346125657477
191,Open-loop recycled textiles,High-grade cotton wiping rags,1135.6876413771631,semi-automated,mechanical,28.876956697428298,0.6346353481407794,0.6380391599064404,724.613188620412,0.6380391599064404,0.36196084009355955,720.7475216645765
192,Polymer flakes,Blended fibre bales for downcycling,1164.6447444663047,semi-automated,mechanical,126.65029695832891,0.15979820081844795,0.5428530918033443,632.2310003860493,0.5428530918033443,0.4571469081966557,186.10813475837656
193,Closed-loop recycled fibre,High-grade cotton wiping rags,595.9592326375541,manual,mechanical,75.75578441825112,0.4090128077477042,0.40538821209195797,241.5948477986333,0.40538821209195797,0.594611787908042,243.75495904425324
194,Industrial wiping cloths,High-grade cotton wiping rags,1550.511219724277,manual,mechanical,79.93493261198259,0.9127848008686551,0.6040241198814921,936.5461748603352,0.6040241198814921,0.39597588011850793,1415.2830749406396
195,Industrial wiping cloths,Mixed natural and synthetic fibres,414.73530968717057,automated,mechanical,130.57960899018084,1.1914004489168315,0.4885855387128631,202.63367470675234,0.4885855387128631,0.511414461287137,494.11583414295615
196,Industrial wiping cloths,Blended fibre bales for downcycling,681.1745109882752,semi-automated,mechanical,126.17632648176469,0.25413700456657673,0.5575889861500116,379.8154049731823,0.5575889861500116,0.4424110138499884,173.11164980966296
197,Open-loop recycled textiles,"80% cotton, 20% synthetic",879.6010553020127,semi-automated,mechanical,178.46979889788295,0.5715690316543527,0.7351533552793361,646.6416671125195,0.7351533552793361,0.2648466447206639,502.7527234211181
198,Closed-loop recycled fibre,High-grade cotton wiping rags,1039.8402384346873,manual,chemical,27.469000654471916,0.9900745171341175,0.6697105952927305,696.3920250914292,0.6697105952927305,0.33028940470726953,1029.5193219648486
199,Insulation material,PET flakes suitable for spinning,522.6989782094065,semi-automated,chemical,23.21918864222911,0.3642374163603438,0.801940481999328,419.1734705258077,0.801940481999328,0.198059518000672,190.38652535718586
200,Recycled fibre,PET flakes suitable for spinning,273.9318082414469,manual,reuse,131.7592929975297,0.7328391967674006,0.6971351514373128,190.967492621898,0.6971351514373128,0.30286484856268725,200.74796632070357
201,Industrial wiping cloths,High-grade cotton wiping rags,1240.7090827611835,manual,mechanical,106.2177104761216,0.9197248608311586,0.6353611743087602,788.2983797986902,0.6353611743087602,0.36463882569123984,1141.110988474484
202,Industrial wiping cloths,Mixed natural and synthetic fibres,612.8295788184987,automated,mechanical,52.978116647966026,0.796784722773188,0.7419524340536302,454.69039766444615,0.7419524340536302,0.2580475659463698,488.2932460661071
203,Closed-loop recycled fibre,Mixed natural and synthetic fibres,1183.414531774094,manual,mechanical,18.898389573072656,0.3474259713461869,0.4356625853055279,515.5694344008326,0.4356625853055279,0.5643374146944721,411.1489432068076
204,Industrial wiping cloths,PET flakes suitable for spinning,351.0072947846945,automated,chemical,19.990193679375345,0.5231537971200264,0.5524959826681577,193.9301202557615,0.5524959826681577,0.4475040173318423,183.6307990834414
205,Industrial wiping cloths,Blended fibre bales for downcycling,988.2231986168941,manual,chemical,161.4834030662207,0.9729813737096671,0.6800748377897843,672.0657314994861,0.6800748377897843,0.3199251622102157,961.5227653220269
206,Open-loop recycled textiles,High-grade cotton wiping rags,1088.5493934755925,manual,mechanical,38.57678182578001,0.7319378398386175,0.4324189190679785,470.70935207881934,0.4324189190679785,0.5675810809320214,796.7504916181624
207,Industrial wiping cloths,Mixed natural and synthetic fibres,151.05589680373248,semi-automated,reuse,61.59002337021613,0.15549109422005836,0.8370960874190578,126.44830019598142,0.8370960874190578,0.16290391258094217,23.48784668240458
208,Reused clothing,100% recycled polyester fibre,706.3783424781451,automated,mechanical,44.6648703897229,0.9490402980294986,0.7200920323469957,508.6574162409897,0.7200920323469957,0.2799079676530043,670.3815126670421
209,Polymer flakes,PET flakes suitable for spinning,312.10862003099976,semi-automated,mechanical,67.12435352058904,0.187076922687251,0.5519073404480657,172.25503841222496,0.5519073404480657,0.44809265955193434,58.38832017956395
210,Insulation material,PET flakes suitable for spinning,173.5811924218971,automated,chemical,17.14917248056634,0.9330204718677938,0.6276134926466324,108.941898433674,0.6276134926466324,0.37238650735336765,161.95480606085275
211,Polymer flakes,Mixed natural and synthetic fibres,1980.4224531603932,semi-automated,reuse,95.83546340894732,0.3626045881734993,0.7586008297516524,1502.3501162262774,0.7586008297516524,0.24139917024834756,718.1102680377755
212,Open-loop recycled textiles,Blended fibre bales for downcycling,678.5899977007098,semi-automated,chemical,16.832198628637606,1.1559771541253492,0.7670343453550003,520.501834650815,0.7670343453550001,0.23296565464499985,784.4345343599937
213,Reused clothing,High-grade cotton wiping rags,1629.255169416538,automated,reuse,145.06238886891327,0.5363377888671887,0.6522635403950927,1062.7037450106377,0.6522635403950928,0.3477364596049072,873.8311150653029
214,Industrial wiping cloths,Mixed natural and synthetic fibres,546.5492767893395,manual,mechanical,45.899614334325776,0.4932781971549831,0.606308896319644,331.37768879444405,0.606308896319644,0.393691103680356,269.60084191100526
215,Polymer flakes,100% recycled polyester fibre,1378.9303083366622,semi-automated,reuse,99.50208505578935,0.3063324528490669,0.8033229212218448,1107.7263234543466,0.8033229212218448,0.1966770787781552,422.41110366068983
216,Polymer flakes,High-grade cotton wiping rags,1532.4443267848887,manual,mechanical,159.01384032325518,0.4708844262647256,0.6231908864135774,955.0053383885328,0.6231908864135774,0.37680911358642255,721.604167600736
217,Insulation material,PET flakes suitable for spinning,1211.4955441852962,automated,reuse,118.90353958325898,1.0704832999196106,0.7105055199952193,860.7742715932651,0.7105055199952193,0.28949448000478073,1296.8857479773803
218,Reused clothing,"80% cotton, 20% synthetic",969.5735676728088,automated,mechanical,98.26761264648368,1.1961510545086096,0.6499184531823443,630.143753348399,0.6499184531823443,0.3500815468176557,1159.7564453955051
219,Insulation material,High-grade cotton wiping rags,853.0897825871737,manual,reuse,61.75840679519073,0.5367250070321907,0.6728478715829441,573.9996444829363,0.6728478715829441,0.3271521284170559,457.87461955819083
220,Reused clothing,"80% cotton, 20% synthetic",730.2931197588408,semi-automated,mechanical,63.27533478518464,0.6210411625022697,0.4697446177633803,343.0512623963432,0.4697446177633803,0.5302553822366197,453.54208806243975
221,Reused clothing,High-grade cotton wiping rags,1862.5818312832605,automated,chemical,122.16021715968327,0.9081744851128739,0.8132410139963446,1514.7279371239672,0.8132410139963446,0.18675898600365537,1691.549295606269
222,Recycled fibre,Blended fibre bales for downcycling,1669.7078451860718,manual,mechanical,178.97438821370432,1.0805055694883283,0.6585531027542982,1099.591282140481,0.6585531027542982,0.34144689724570176,1804.1286261419061
223,Industrial wiping cloths,Mixed natural and synthetic fibres,1931.8024757996996,semi-automated,chemical,120.82185822364126,0.7726965508961234,0.5541236662034036,1070.4574702709413,0.5541236662034036,0.4458763337965964,1492.6971100630199
224,Closed-loop recycled fibre,100% recycled polyester fibre,292.3795857968122,automated,mechanical,102.61209803975436,0.5611019830867208,0.4869316911294301,142.36888616376405,0.48693169112943,0.51306830887057,164.05476540466535
225,Closed-loop recycled fibre,Mixed natural and synthetic fibres,1475.1915766471063,manual,mechanical,132.86383929186806,0.583252932891055,0.4750422690476076,700.7783538503592,0.4750422690476076,0.5249577309523924,860.4098136556042
226,Recycled fibre,Blended fibre bales for downcycling,1879.7638908010238,semi-automated,mechanical,86.41098214965068,0.8803990538216473,0.49478221481294044,930.0737412159208,0.4947822148129404,0.5052177851870596,1654.9423508693196
227,Insulation material,PET flakes suitable for spinning,403.4044790230373,manual,mechanical,15.524909955137412,0.15337917678449262,0.4866459195979603,196.31514366410207,0.4866459195979603,0.5133540804020398,61.87384690373058
228,Recycled fibre,PET flakes suitable for spinning,179.66772136521612,automated,reuse,103.40194277863422,0.8005688043328327,0.6656315739357115,119.59250815777166,0.6656315739357115,0.3343684260642885,143.8363728705556
229,Reused clothing,"80% cotton, 20% synthetic",1495.1852661156151,automated,mechanical,172.58442478844154,0.5232676609634253,0.5606291808088871,838.2444908999153,0.5606291808088871,0.43937081919111287,782.3820969072945
230,Open-loop recycled textiles,100% recycled polyester fibre,1170.222570700828,automated,reuse,35.67801491259044,0.9839071978409385,0.8331833686965413,975.0099835812424,0.8331833686965413,0.1668166313034587,1151.3904103884713
231,Polymer flakes,100% recycled polyester fibre,1691.5661146786306,semi-automated,mechanical,125.7508558936165,0.24764017181428877,0.6123561036511027,1035.8408350528407,0.6123561036511028,0.3876438963488972,418.899723274245
232,Open-loop recycled textiles,PET flakes suitable for spinning,322.5561344212645,automated,mechanical,40.163395515334884,0.76761238029581,0.6355050840093279,204.98606330310977,0.6355050840093279,0.3644949159906721,247.59808212212212
233,Recycled fibre,PET flakes suitable for spinning,1600.7712581267858,automated,reuse,98.76984478278922,0.65502153438043,0.6702872946340598,1072.9766359377634,0.6702872946340598,0.3297127053659402,1048.5396456902986
234,Insulation material,PET flakes suitable for spinning,443.17327409310184,manual,chemical,21.918378688175935,0.8244418022004888,0.8354472130530362,370.24787674067124,0.8354472130530362,0.16455278694696385,365.37057278040805
235,Recycled fibre,Mixed natural and synthetic fibres,369.1290885881238,automated,mechanical,83.8149138451824,0.21809627420711675,0.6934721418450587,255.98073968052063,0.6934721418450587,0.3065278581549413,80.50567892253854
236,Polymer flakes,High-grade cotton wiping rags,370.31830596543625,manual,chemical,137.32858255666807,0.7589829767995379,0.7915270955486988,293.11697314933616,0.7915270955486988,0.20847290445130118,281.0652902250089
237,Open-loop recycled textiles,Blended fibre bales for downcycling,1638.4207044511952,semi-automated,chemical,65.82501674182186,0.7395588173575,0.7968951415125303,1305.6494991306947,0.7968951415125303,0.20310485848746973,1211.708478517968
238,Industrial wiping cloths,High-grade cotton wiping rags,1347.1345803575903,manual,mechanical,121.35955178526315,0.7386930991369796,0.7264486778464665,978.624134782026,0.7264486778464665,0.2735513221535335,995.1190181189428
239,Industrial wiping cloths,"80% cotton, 20% synthetic",1069.9775782997826,manual,reuse,144.2037431382026,0.7836620499262776,0.7860634915284245,841.0703110554554,0.7860634915284245,0.21393650847157553,838.500822385562
240,Open-loop recycled textiles,"80% cotton, 20% synthetic",749.7194440408299,manual,reuse,167.25611840890423,0.8602913340876804,0.7000705044669064,524.8564693983125,0.7000705044669066,0.29992949553309345,644.9771407053596
241,Industrial wiping cloths,"80% cotton, 20% synthetic",1760.5410545855611,semi-automated,chemical,46.06236432470437,0.9952384496648083,0.7350350823557623,1294.0594390479985,0.7350350823557622,0.2649649176442378,1752.1581497369807
242,Polymer flakes,Blended fibre bales for downcycling,815.267959474139,manual,mechanical,74.88028526662893,0.433311756134625,0.6600085227837786,538.083801605472,0.6600085227837786,0.33999147721622136,353.26519124003147
243,Polymer flakes,Mixed natural and synthetic fibres,1642.3689069695754,semi-automated,chemical,31.67280233282305,1.0163018806890651,0.7713752180062077,1266.8826736602732,0.7713752180062077,0.22862478199379233,1669.1426089384238
244,Industrial wiping cloths,100% recycled polyester fibre,906.3130717119259,manual,mechanical,178.68461287771567,0.6731684663766263,0.5825071584584081,527.9338520766254,0.5825071584584081,0.41749284154159194,610.1013805414065
245,Polymer flakes,"80% cotton, 20% synthetic",785.0416373785698,manual,mechanical,167.22516938675167,0.23091119309104774,0.42396055176675235,332.8266857428932,0.42396055176675235,0.5760394482332476,181.27490111323522
246,Recycled fibre,Mixed natural and synthetic fibres,952.2255820557325,semi-automated,mechanical,99.49249779909793,0.21147847570617817,0.5298895284505447,504.57436465405755,0.5298895284505447,0.4701104715494553,201.3752146215746
247,Reused clothing,"80% cotton, 20% synthetic",637.686854620077,semi-automated,mechanical,152.35582651587373,0.5009502346308639,0.7222683129621751,460.5810086845988,0.7222683129621751,0.2777316870378249,319.44937944294514
248,Industrial wiping cloths,Mixed natural and synthetic fibres,1507.8382913436897,manual,reuse,96.16764602260739,0.974141825967041,0.7961122274393565,1200.408500739978,0.7961122274393565,0.2038877725606435,1468.848346392565
249,Insulation material,"80% cotton, 20% synthetic",1030.3047606803343,semi-automated,chemical,114.12749540048294,0.8930649814779617,0.711499582976714,733.061407562981,0.711499582976714,0.288500417023286,920.1291020136384
250,Insulation material,High-grade cotton wiping rags,502.8147555362937,automated,chemical,20.596775620302907,0.9780457129060268,0.6306560543146581,317.1031697777084,0.6306560543146581,0.3693439456853419,491.775816038164
251,Industrial wiping cloths,100% recycled polyester fibre,1804.1704178854086,semi-automated,mechanical,137.1723235869414,0.6931325092636899,0.5289571219708027,954.3287917895261,0.5289571219708027,0.4710428780291973,1250.5291688882332
252,Polymer flakes,Blended fibre bales for downcycling,798.5878816777622,manual,mechanical,27.349859636166094,0.6122089478532651,0.7133711312036093,569.6895405179594,0.7133711312036094,0.2866288687963906,488.90264681031056
253,Closed-loop recycled fibre,"80% cotton, 20% synthetic",1109.9280791722776,manual,mechanical,149.56183529419246,0.3048251530415982,0.6332620666343924,702.8753492321781,0.6332620666343924,0.36673793336560756,338.33399659885663
254,Industrial wiping cloths,Mixed natural and synthetic fibres,1817.6206163808665,automated,reuse,141.85491534231753,0.4946023912897771,0.8468467566880833,1539.2461238715316,0.8468467566880833,0.1531532433119167,898.9995033195752
255,Polymer flakes,"80% cotton, 20% synthetic",1267.2640920322847,manual,mechanical,129.03032210502087,0.605720334482569,0.5590208980736793,708.4271108244135,0.5590208980736793,0.4409791019263207,767.6076297035446
256,Open-loop recycled textiles,Mixed natural and synthetic fibres,277.95117938130994,automated,reuse,11.32806659183337,0.2430304511635981,0.8075618048640395,224.46275608525906,0.8075618048640395,0.1924381951359605,67.55060052649394
257,Polymer flakes,PET flakes suitable for spinning,1882.6726410462766,semi-automated,chemical,58.047462290432506,0.38164255034677186,0.6245150826229623,1175.757459975006,0.6245150826229623,0.3754849173770377,718.5079881969936
258,Polymer flakes,100% recycled polyester fibre,1274.0307034892649,automated,mechanical,51.044699734397504,0.7781365587669258,0.6469112905992203,824.1848466572728,0.6469112905992203,0.35308870940077974,991.3698673765422
259,Polymer flakes,Mixed natural and synthetic fibres,703.0659485813179,semi-automated,chemical,68.02387130751583,0.9224462699511494,0.6782804001110012,476.8758529081569,0.6782804001110012,0.3217195998889988,648.5405617985033
260,Closed-loop recycled fibre,"80% cotton, 20% synthetic",321.58054169360514,automated,mechanical,20.337480683671743,1.1982648869625971,0.554890930185161,178.44212590981252,0.554890930185161,0.445109069814839,385.33867144185854
261,Closed-loop recycled fibre,100% recycled polyester fibre,1598.3491190770771,manual,reuse,168.967619030436,1.1297689979107355,0.8123305811442204,1298.387868771235,0.8123305811442205,0.18766941885577948,1805.7652825712162
262,Open-loop recycled textiles,Mixed natural and synthetic fibres,1259.1418740606014,semi-automated,reuse,101.91539212466584,0.8246934595119512,0.8840701553672317,1113.169752230143,0.8840701553672317,0.11592984463276834,1038.4060681353988
263,Open-loop recycled textiles,100% recycled polyester fibre,1090.249129353827,manual,mechanical,58.466754365154124,0.5923104559587756,0.42240222131301736,460.52365402363966,0.42240222131301736,0.5775977786869826,645.7659589162233
264,Reused clothing,Blended fibre bales for downcycling,1793.0905369493673,semi-automated,mechanical,74.4717654879996,0.8179862329436444,0.6886601330714527,1234.8299677847137,0.6886601330714526,0.3113398669285474,1466.7233736461096
265,Closed-loop recycled fibre,High-grade cotton wiping rags,1587.764561887835,semi-automated,chemical,83.26044458834625,0.9749341989842436,0.637714933123658,1012.5411714004149,0.637714933123658,0.362285066876342,1547.965971319685
266,Insulation material,100% recycled polyester fibre,345.7660154788648,automated,reuse,110.10400833810803,0.2742530004695567,0.7609798636265945,263.1209753058175,0.7609798636265945,0.23902013637340547,94.82736720548186
267,Industrial wiping cloths,Mixed natural and synthetic fibres,657.858032201319,automated,mechanical,95.2438998468871,0.5804001341811027,0.40766966507125313,268.1887636519454,0.4076696650712532,0.5923303349287468,381.8208901617617
268,Polymer flakes,100% recycled polyester fibre,534.5538226382082,semi-automated,chemical,165.89359531252305,1.0317923999173981,0.640313823350294,342.282201959986,0.640313823350294,0.35968617664970604,551.548571544896
269,Open-loop recycled textiles,Mixed natural and synthetic fibres,1500.69527051672,manual,chemical,91.96860950852029,0.5530245995296962,0.7007893727890392,1051.6712973728897,0.7007893727890392,0.2992106272109608,829.9214009936181
270,Open-loop recycled textiles,"80% cotton, 20% synthetic",115.38824773476979,manual,chemical,178.6276525940797,0.7504658847885459,0.5668528232042317,65.40815399304356,0.5668528232042318,0.4331471767957682,86.59494343047395
271,Industrial wiping cloths,PET flakes suitable for spinning,1161.2848854990673,semi-automated,mechanical,153.99936760539177,0.7671578289053081,0.5718835052841078,664.1196709526604,0.5718835052841078,0.4281164947158922,890.8887915000138
272,Reused clothing,Mixed natural and synthetic fibres,1536.7944371943465,manual,chemical,41.489340012533766,0.3437000657903213,0.8281331886575282,1272.6704775849055,0.828133188657528,0.17186681134247195,528.1963491698967
273,Recycled fibre,100% recycled polyester fibre,1759.6929916854115,manual,reuse,167.85416256268533,0.5303472137349028,0.6763483045269514,1190.1653714143868,0.6763483045269514,0.3236516954730486,933.2482751691934
274,Industrial wiping cloths,Mixed natural and synthetic fibres,717.0594099960196,manual,mechanical,25.364119629958317,0.5012368531790288,0.6675542548264265,478.67606010616987,0.6675542548264265,0.3324457451735735,359.41660220881585
275,Recycled fibre,Blended fibre bales for downcycling,1651.4517441104251,manual,mechanical,148.05369898595853,0.17750654395866802,0.5433848686815974,897.3738891074383,0.5433848686815974,0.4566151313184026,293.14349161155616
276,Polymer flakes,"80% cotton, 20% synthetic",265.7318870626541,manual,reuse,71.60907635840151,0.175401352085923,0.8137934286310845,216.2508634693254,0.8137934286310845,0.1862065713689155,46.60973228313332
277,Reused clothing,100% recycled polyester fibre,1700.5819688823105,manual,mechanical,158.64550607788718,1.0232818958595622,0.4910828092948303,835.1265707148588,0.4910828092948303,0.5089171907051697,1740.1747411824776
278,Open-loop recycled textiles,Mixed natural and synthetic fibres,298.60289154736574,manual,reuse,156.9099207688038,0.4367243504714531,0.6898730656353396,205.99809219935804,0.6898730656353396,0.31012693436466043,130.40715385992104
279,Open-loop recycled textiles,Blended fibre bales for downcycling,824.7102165927162,manual,mechanical,146.0369450205837,0.6939827045507563,0.45616191499492925,376.20139171681626,0.45616191499492925,0.5438380850050708,572.3346265816532
280,Closed-loop recycled fibre,PET flakes suitable for spinning,1604.7259632701296,automated,mechanical,143.25532635373574,0.46366185226821166,0.4246721809751006,681.4824746892951,0.4246721809751006,0.5753278190248994,744.0502125127184
281,Recycled fibre,"80% cotton, 20% synthetic",342.3389833301089,manual,reuse,58.31884934215714,1.1377132073711076,0.6964116762253107,238.40886521818985,0.6964116762253107,0.30358832377468925,389.4835827326623
282,Closed-loop recycled fibre,100% recycled polyester fibre,497.0402207036509,manual,mechanical,19.16087453396913,0.4222615968090624,0.6324767847461389,314.3664006801564,0.6324767847461389,0.3675232152538611,209.88099727265242
283,Reused clothing,Mixed natural and synthetic fibres,1458.3925083664792,semi-automated,mechanical,75.52153128390326,0.6011396533758818,0.7085917141452278,1033.404847399962,0.7085917141452277,0.2914082858547723,876.6975669654081
284,Open-loop recycled textiles,"80% cotton, 20% synthetic",1454.071246264845,manual,mechanical,35.36679012263902,1.066366763008832,0.6849439899569066,995.9573610982548,0.6849439899569066,0.31505601004309336,1550.5732480636611
285,Polymer flakes,"80% cotton, 20% synthetic",1300.2378841263298,automated,chemical,126.6164405579308,1.0340302451313992,0.7555402929623453,982.3821118935472,0.7555402929623453,0.24445970703765474,1344.4852980522808
286,Open-loop recycled textiles,Blended fibre bales for downcycling,1403.199466710845,semi-automated,mechanical,65.56745214411247,0.34540648873859114,0.43865115219388595,615.5150628305585,0.43865115219388595,0.561348847806114,484.67420079645655
287,Polymer flakes,Mixed natural and synthetic fibres,1108.3126645278126,manual,mechanical,175.7317851504851,0.992775475285496,0.5012156062035824,555.5036040144153,0.5012156062035824,0.4987843937964176,1100.3056322915336
288,Insulation material,High-grade cotton wiping rags,541.0081648685579,manual,reuse,117.1701135354331,0.6310962310747873,0.7274517188306173,393.5573194350304,0.7274517188306173,0.2725482811693827,341.428213829234
289,Closed-loop recycled fibre,Mixed natural and synthetic fibres,724.1071873326429,automated,mechanical,148.93409863601318,0.6571173156896231,0.4874849312391675,352.99134242664036,0.4874849312391675,0.5125150687608325,475.8233712115893
290,Reused clothing,Mixed natural and synthetic fibres,404.11554776278007,automated,chemical,28.191817729823473,0.290153971036741,0.704501697912917,284.70008955188706,0.704501697912917,0.29549830208708305,117.25573094105842
291,Closed-loop recycled fibre,Blended fibre bales for downcycling,1821.4785946005752,semi-automated,mechanical,155.85253439770895,0.2346315894449809,0.5874438352078855,1070.016371361231,0.5874438352078853,0.41255616479211465,427.37641779114296
292,Industrial wiping cloths,100% recycled polyester fibre,1187.613999793935,semi-automated,reuse,166.482508339844,0.9143362723224535,0.7392214937927776,877.909794976888,0.7392214937927776,0.2607785062072224,1085.8785575295456
293,Recycled fibre,High-grade cotton wiping rags,831.6602626890977,manual,mechanical,90.23583579331378,0.6712842099730648,0.5238262055577526,435.64543971759383,0.5238262055577526,0.4761737944422474,558.2804024052425
294,Recycled fibre,Blended fibre bales for downcycling,950.9113171060587,automated,reuse,111.09426410642105,0.6086932377459385,0.8571388994765203,815.0630798440557,0.8571388994765203,0.14286110052347967,578.8132884185418
295,Insulation material,High-grade cotton wiping rags,1897.2025122430398,manual,mechanical,138.84171515802421,0.9159836400850166,0.6762524969118899,1282.9879360518662,0.67625249691189,0.32374750308810996,1737.8064631428178
296,Open-loop recycled textiles,Blended fibre bales for downcycling,349.0352360763564,automated,mechanical,35.59675977057219,0.9537885439406653,0.507728541088261,177.21515120144522,0.507728541088261,0.49227145891173896,332.9058096012543
297,Recycled fibre,High-grade cotton wiping rags,1193.1481724327546,semi-automated,mechanical,92.94906338110242,0.3168535760528213,0.7198259553556408,858.8590231022444,0.7198259553556408,0.28017404464435924,378.0532651962065
298,Industrial wiping cloths,100% recycled polyester fibre,1036.4829238247087,semi-automated,mechanical,74.76602986015479,0.7907364069515234,0.7334852559508771,760.2449426702799,0.7334852559508771,0.2665147440491229,819.5847830517596
299,Insulation material,Blended fibre bales for downcycling,1242.3357590975634,semi-automated,mechanical,30.615448628393594,0.2921217863915698,0.5143598897105143,639.0076840328508,0.5143598897105143,0.4856401102894857,362.91334124570716
300,Insulation material,100% recycled polyester fibre,85.314858450639,manual,mechanical,69.318523901018,0.938943840330498,0.5240487320775692,44.709143398434655,0.5240487320775692,0.4759512679224308,80.10586083089582
